{"nodes":{"node:1":{"location":{"x":761,"y":-224}},"node:10":{"location":{"x":1145,"y":-112}},"node:11":{"location":{"x":1152,"y":10}},"node:2":{"location":{"x":-184,"y":-224}},"node:3":{"location":{"x":-400,"y":-100}},"node:4":{"location":{"x":-179,"y":130}},"node:5":{"location":{"x":120,"y":-224}},"node:6":{"location":{"x":154,"y":-52}},"node:7":{"location":{"x":163,"y":71}},"node:8":{"location":{"x":394,"y":-224}},"node:9":{"location":{"x":616,"y":-20}}},"selection":null,"view":{"scroll":{"x":-259.7418212890625,"y":-435.8720703125},"visible_rect":{"max":{"x":1263.0496826171875,"y":591.16357421875},"min":{"x":-374.3951416015625,"y":-628.27154541015625}},"zoom":0.693763852119445801}}